,Unnamed: 0,Unnamed: 0.1,Unnamed: 0.1.1,Unnamed: 0.1.1.1,Unnamed: 0.1.1.1.1,Unnamed: 0.1.1.1.1.1,Unnamed: 0.1.1.1.1.1.1,Unnamed: 0.1.1.1.1.1.1.1,_id,Family Size,Coordinates,Centroid,Long,Lat,Employed
0,0,0,0,0,0,0,0,0,6133a43b0fd095857526f97b,6,"POLYGON ((76.8974967 10.8728206, 76.8974967 10.8728206, 76.8974967 10.8728206, 76.8974967 10.8728206))",POINT (76.8974967 10.8728206),76.8974967,10.8728206,3
1,1,1,1,1,1,1,1,1,6133a43c0fd095857526f97c,3,"POLYGON ((10.8845693 76.8816444, 10.8855402 76.88812969999999, 10.8845693 76.8816444, 10.8845693 76.8816444))",POINT (10.88505475 76.88488705),10.88505475,76.88488705,2
2,2,2,2,2,2,2,2,2,6133a43c0fd095857526f97d,5,"POLYGON ((76.8938941 10.8709386, 76.900739 10.8739965, 76.8938941 10.8709386, 76.8938941 10.8709386))",POINT (76.89731655 10.87246755),76.89731655,10.87246755,2
3,3,3,3,3,3,3,3,3,6133a43c0fd095857526f97e,3,"POLYGON ((76.89870759999999 10.8734513, 76.8987077 10.8734513, 76.8987077 10.8734507, 76.89870759999999 10.8734513))",POINT (76.89870766666667 10.8734511),76.89870766666667,10.8734511,1
4,4,4,4,4,4,4,4,4,6133a43c0fd095857526f97f,4,"POLYGON ((76.8974967 10.8714393, 76.8974967 10.872612, 76.8974967 10.8725006, 76.8974967 10.8714393))",POINT (76.8974967 10.87202565),76.8974967,10.87202565,1
5,5,5,5,5,5,5,5,5,6133a43c0fd095857526f980,3,"POLYGON ((76.8974967 10.8728206, 76.8974967 10.8728206, 76.8985436 10.8732663, 76.8974967 10.8728206))",POINT (76.89802015000001 10.87304345),76.89802015000001,10.87304345,1
6,6,6,6,6,6,6,6,6,6133a43c0fd095857526f981,3,"POLYGON ((76.89851040000001 10.8732301, 76.89854939999999 10.8732707, 76.8974967 10.8714393, 76.89851040000001 10.8732301))",POINT (76.8981855 10.8726467),76.8981855,10.8726467,3
7,7,7,7,7,7,7,7,7,6133a43c0fd095857526f982,4,"POLYGON ((76.8974967 10.8728206, 76.8974967 10.8728206, 76.8974967 10.8728206, 76.8974967 10.8728206))",POINT (76.8974967 10.8728206),76.8974967,10.8728206,2
8,8,8,8,8,8,8,8,8,6133a43d0fd095857526f983,4,"POLYGON ((76.8974967 10.8728206, 76.8974967 10.8728206, 76.8974967 10.8728206, 76.8974967 10.8728206))",POINT (76.8974967 10.8728206),76.8974967,10.8728206,1
9,9,9,9,9,9,9,9,9,6133a43d0fd095857526f984,2,"POLYGON ((76.8974967 10.8728206, 76.8974967 10.8728206, 76.8974967 10.8728206, 76.8974967 10.8728206))",POINT (76.8974967 10.8728206),76.8974967,10.8728206,1
10,10,10,10,10,10,10,10,10,6133a43d0fd095857526f985,4,"POLYGON ((76.9003787 10.8739809, 76.8974967 10.8707486, 76.8974967 10.8714272, 76.9003787 10.8739809))",POINT (76.89845736666666 10.87205223333333),76.89845736666666,10.872052233333331,2
11,11,11,11,11,11,11,11,11,6133a43d0fd095857526f986,2,"POLYGON ((76.8974967 10.8714393, 76.9000185 10.8732747, 76.9003787 10.8739809, 76.8974967 10.8714393))",POINT (76.89929796666668 10.8728983),76.89929796666668,10.8728983,2
12,12,12,12,12,12,12,12,12,6133a43d0fd095857526f987,3,"POLYGON ((76.8987022 10.8734452, 76.89870449999999 10.8734481, 76.8989377 10.8742642, 76.8987022 10.8734452))",POINT (76.89878146666666 10.87371916666667),76.89878146666666,10.873719166666667,1
13,13,13,13,13,13,13,13,13,6133a43d0fd095857526f988,2,"POLYGON ((76.89677620000001 10.8696815, 76.8985775 10.8714859, 76.897857 10.8728362, 76.89677620000001 10.8696815))",POINT (76.8977369 10.87133453333333),76.8977369,10.871334533333334,0
14,14,14,14,14,14,14,14,14,6133a43d0fd095857526f989,3,"POLYGON ((76.89870759999999 10.8734513, 76.8987077 10.8734513, 76.8987077 10.8734507, 76.89870759999999 10.8734513))",POINT (76.89870766666667 10.8734511),76.89870766666667,10.8734511,1
15,15,15,15,15,15,15,15,15,6133a43d0fd095857526f98a,4,"POLYGON ((76.8974967 10.8728206, 76.8974967 10.8728206, 76.8974967 10.8728206, 76.8974967 10.8728206))",POINT (76.8974967 10.8728206),76.8974967,10.8728206,1
16,16,16,16,16,16,16,16,16,6133a43d0fd095857526f98b,4,"POLYGON ((76.8974967 10.8728206, 76.8984657 10.8734918, 76.8974967 10.8728206, 76.8974967 10.8728206))",POINT (76.8979812 10.8731562),76.8979812,10.8731562,2
17,17,17,17,17,17,17,17,17,6133a43e0fd095857526f98c,2,"POLYGON ((76.8974967 10.8728206, 76.9003787 10.8739809, 76.8974967 10.8707486, 76.8974967 10.8728206))",POINT (76.89845736666668 10.8725167),76.89845736666668,10.8725167,2
18,18,18,18,18,18,18,18,18,6133a43e0fd095857526f98d,2,"POLYGON ((10.9050307 76.899231, 76.89846540000001 10.8734934, 76.8974967 10.8728206, 10.9050307 76.899231))",POINT (54.90033093333333 32.88184833333333),54.90033093333333,32.88184833333333,2
19,19,19,19,19,19,19,19,19,6133a43e0fd095857526f98e,6,"POLYGON ((76.899231 10.9050307, 76.89896830000001 10.9048459, 76.8990495 10.9048965, 76.899231 10.9050307))",POINT (76.89908293333333 10.90492436666667),76.89908293333333,10.904924366666668,3
20,20,20,20,20,20,20,20,20,6133a43e0fd095857526f98f,3,"POLYGON ((76.8974967 10.8728206, 76.8974967 10.8728206, 76.8974967 10.8728206, 76.8974967 10.8728206))",POINT (76.8974967 10.8728206),76.8974967,10.8728206,1
21,21,21,21,21,21,21,21,21,6133a43e0fd095857526f990,4,"POLYGON ((76.8974967 10.8728206, 76.8974967 10.8728206, 76.8974967 10.8728206, 76.8974967 10.8728206))",POINT (76.8974967 10.8728206),76.8974967,10.8728206,1
22,22,22,22,22,22,22,22,22,6133a43e0fd095857526f991,6,"POLYGON ((76.8974967 10.8728206, 76.89896830000001 10.9048459, 76.8974967 10.8714393, 76.8974967 10.8728206))",POINT (76.89798723333334 10.88303526666667),76.89798723333334,10.883035266666669,4
23,23,23,23,23,23,23,23,23,6133a43e0fd095857526f992,4,"POLYGON ((76.8989377 10.8746095, 76.8974967 10.8714393, 76.90362090000001 10.8751568, 76.8989377 10.8746095))",POINT (76.90001843333334 10.8737352),76.90001843333334,10.8737352,4
24,24,24,24,24,24,24,24,24,6133a43e0fd095857526f993,4,"POLYGON ((76.8974967 10.8728206, 76.8974967 10.8728206, 76.8974967 10.8728206, 76.8974967 10.8728206))",POINT (76.8974967 10.8728206),76.8974967,10.8728206,2
25,25,25,25,25,25,25,25,25,6133a43e0fd095857526f994,2,"POLYGON ((76.8974967 10.8728206, 76.8974967 10.8728206, 76.8974967 10.8728206, 76.8974967 10.8728206))",POINT (76.8974967 10.8728206),76.8974967,10.8728206,0
26,26,26,26,26,26,26,26,26,6133a43e0fd095857526f995,5,"POLYGON ((76.8974967 10.8728206, 76.8974967 10.8728206, 76.8974967 10.8728206, 76.8974967 10.8728206))",POINT (76.8974967 10.8728206),76.8974967,10.8728206,3
27,27,27,27,27,27,27,27,27,6133a43f0fd095857526f996,4,"POLYGON ((76.8974967 10.8728206, 76.8974967 10.8728206, 10.9048965 76.8990495, 76.8974967 10.8728206))",POINT (43.90119660000001 43.88593504999999),43.901196600000006,43.88593504999999,3
28,28,28,28,28,28,28,28,28,6133a43f0fd095857526f997,3,"POLYGON ((76.8974967 10.8728206, 76.8974967 10.8728206, 76.8974967 10.8728206, 76.8974967 10.8728206))",POINT (76.8974967 10.8728206),76.8974967,10.8728206,1
29,29,29,29,29,29,29,29,29,6133a43f0fd095857526f998,4,"POLYGON ((76.8974967 10.8728206, 76.8984657 10.8734918, 76.8974967 10.8728206, 76.8974967 10.8728206))",POINT (76.8979812 10.8731562),76.8979812,10.8731562,2
30,30,30,30,30,30,30,30,30,6133a43f0fd095857526f999,5,"POLYGON ((76.8974967 10.8728206, 76.89846609999999 10.8734893, 76.8984713 10.8734941, 76.8974967 10.8728206))",POINT (76.89814469999999 10.873268),76.89814469999999,10.873268,3
31,31,31,31,31,31,31,31,31,6133a43f0fd095857526f99a,4,"POLYGON ((76.8984664 10.8734933, 76.89847090000001 10.873495, 76.89847109999999 10.8734937, 76.8984664 10.8734933))",POINT (76.89846946666668 10.873494),76.89846946666668,10.873493999999996,1
32,32,32,32,32,32,32,32,32,6133a43f0fd095857526f99b,5,"POLYGON ((76.89847109999999 10.873495, 76.8984698 10.873493, 76.8984698 10.873493, 76.89847109999999 10.873495))",POINT (76.89847044999999 10.873494),76.89847044999999,10.873494,2
33,33,33,33,33,33,33,33,33,6133a43f0fd095857526f99c,4,"POLYGON ((76.89847109999999 10.8734937, 76.89846470000001 10.8734919, 76.8982577 10.8733483, 76.89847109999999 10.8734937))",POINT (76.89839783333333 10.87344463333333),76.89839783333333,10.873444633333332,2
34,34,34,34,34,34,34,34,34,6133a43f0fd095857526f99d,2,"POLYGON ((76.8953351 10.8716914, 76.8953351 10.8716914, 76.8953351 10.8716914, 76.8953351 10.8716914))",POINT (76.8953351 10.8716914),76.8953351,10.8716914,0
35,35,35,35,35,35,35,35,35,6133a43f0fd095857526f99e,2,"POLYGON ((76.8974967 10.8714393, 76.8938941 10.8702479, 76.8974967 10.8714393, 76.8974967 10.8714393))",POINT (76.89569539999999 10.8708436),76.8956954,10.8708436,0
36,36,36,36,36,36,36,36,36,6133a43f0fd095857526f99f,4,"POLYGON ((76.89677620000001 10.8755524, 76.8953351 10.8716914, 76.89677620000001 10.8755524, 76.89677620000001 10.8755524))",POINT (76.89605564999999 10.8736219),76.89605565,10.8736219,3
37,37,37,37,37,37,37,37,37,6133a4400fd095857526f9a0,3,"POLYGON ((76.8985775 10.8749393, 76.8985775 10.8749393, 76.8974967 10.8728206, 76.8985775 10.8749393))",POINT (76.89803710000001 10.87387995),76.89803710000001,10.87387995,1
38,38,38,38,38,38,38,38,38,6133a4400fd095857526f9a1,3,"POLYGON ((76.8974967 10.8728206, 76.8985775 10.8749393, 76.8974967 10.8728206, 76.8974967 10.8728206))",POINT (76.89803710000001 10.87387995),76.89803710000001,10.87387995,2
39,39,39,39,39,39,39,39,39,6133a4400fd095857526f9a2,4,"POLYGON ((76.8974967 10.8728206, 76.8974967 10.8728206, 76.8974967 10.8728206, 76.8974967 10.8728206))",POINT (76.8974967 10.8728206),76.8974967,10.8728206,3
40,40,40,40,40,40,40,40,40,6133a4400fd095857526f9a3,4,"POLYGON ((76.8974967 10.8728206, 76.8985775 10.8749393, 76.8974967 10.8728206, 76.8974967 10.8728206))",POINT (76.89803710000001 10.87387995),76.89803710000001,10.87387995,1
41,41,41,41,41,41,41,41,41,6133a4400fd095857526f9a4,4,"POLYGON ((76.8989377 10.8746095, 76.89677620000001 10.8707175, 76.89677620000001 10.8707175, 76.8989377 10.8746095))",POINT (76.89785695 10.8726635),76.89785695,10.8726635,1
42,42,42,42,42,42,42,42,42,6133a4400fd095857526f9a5,2,"POLYGON ((76.8974967 10.8728206, 76.8985775 10.8749393, 76.8985775 10.8749393, 76.8974967 10.8728206))",POINT (76.89803710000001 10.87387995),76.89803710000001,10.87387995,2
43,43,43,43,43,43,43,43,43,6133a4400fd095857526f9a6,5,"POLYGON ((76.8974967 10.8728141, 76.8974967 10.8710939, 76.8974967 10.8728206, 76.8974967 10.8728141))",POINT (76.8974967 10.87195725),76.8974967,10.87195725,2
44,44,44,44,44,44,44,44,44,6133a4400fd095857526f9a7,4,"POLYGON ((76.8974967 10.8728206, 76.8974967 10.8728206, 76.8974967 10.8728206, 76.8974967 10.8728206))",POINT (76.8974967 10.8728206),76.8974967,10.8728206,1
45,45,45,45,45,45,45,45,45,6133a4400fd095857526f9a8,2,"POLYGON ((76.8974967 10.8728206, 76.8974967 10.8728206, 76.8974967 10.8728206, 76.8974967 10.8728206))",POINT (76.8974967 10.8728206),76.8974967,10.8728206,1
46,46,46,46,46,46,46,46,46,6133a4410fd095857526f9a9,3,"POLYGON ((76.8974967 10.8728206, 76.8974967 10.8728206, 76.8974967 10.8728206, 76.8974967 10.8728206))",POINT (76.8974967 10.8728206),76.8974967,10.8728206,1
47,47,47,47,47,47,47,47,47,6133a4410fd095857526f9aa,4,"POLYGON ((76.8974967 10.8728206, 76.8974967 10.8728206, 76.8974967 10.8728206, 76.8974967 10.8728206))",POINT (76.8974967 10.8728206),76.8974967,10.8728206,1
48,48,48,48,48,48,48,48,48,6133a4410fd095857526f9ab,6,"POLYGON ((76.90434140000001 10.8803684, 76.90434140000001 10.8803684, 76.90434140000001 10.8803684, 76.90434140000001 10.8803684))",POINT (76.90434140000001 10.8803684),76.9043414,10.8803684,1
49,49,49,49,49,49,49,49,49,6133a4410fd095857526f9ac,2,"POLYGON ((76.9032607 10.879631, 76.9032607 10.879631, 76.9032607 10.879631, 76.9032607 10.879631))",POINT (76.9032607 10.879631),76.9032607,10.879631,2
50,50,50,50,50,50,50,50,50,6133a4410fd095857526f9ad,6,"POLYGON ((76.90198890000001 10.8787823, 76.9019895 10.8787802, 76.9019684 10.8788019, 76.90198890000001 10.8787823))",POINT (76.90198226666666 10.87878813333333),76.90198226666666,10.878788133333332,1
51,51,51,51,51,51,51,51,51,6133a4410fd095857526f9ae,2,"POLYGON ((76.9032607 10.879631, 76.9032607 10.879631, 76.9032607 10.879631, 76.9032607 10.879631))",POINT (76.9032607 10.879631),76.9032607,10.879631,1
52,52,52,52,52,52,52,52,52,6133a4410fd095857526f9af,3,"POLYGON ((76.9032607 10.879631, 76.9032607 10.879631, 76.9032607 10.879631, 76.9032607 10.879631))",POINT (76.9032607 10.879631),76.9032607,10.879631,1
53,53,53,53,53,53,53,53,53,6133a4410fd095857526f9b0,2,"POLYGON ((76.9032607 10.879631, 76.9032607 10.879631, 76.9032607 10.879631, 76.9032607 10.879631))",POINT (76.9032607 10.879631),76.9032607,10.879631,1
54,54,54,54,54,54,54,54,54,6133a4410fd095857526f9b1,8,"POLYGON ((76.9032607 10.879631, 76.9032607 10.879631, 76.9032607 10.879631, 76.9032607 10.879631))",POINT (76.9032607 10.879631),76.9032607,10.879631,3
55,55,55,55,55,55,55,55,55,6133a4410fd095857526f9b2,4,"POLYGON ((76.90198239999999 10.8787901, 76.9019866 10.8787797, 76.9019754 10.8787936, 76.90198239999999 10.8787901))",POINT (76.90198146666667 10.8787878),76.90198146666667,10.8787878,1
56,56,56,56,56,56,56,56,56,6133a4420fd095857526f9b3,2,"POLYGON ((76.9032607 10.879631, 76.9032607 10.879631, 76.9032607 10.879631, 76.9032607 10.879631))",POINT (76.9032607 10.879631),76.9032607,10.879631,1
57,57,57,57,57,57,57,57,57,6133a4420fd095857526f9b4,2,"POLYGON ((76.9032607 10.879631, 76.9032607 10.879631, 76.9032607 10.879631, 76.9032607 10.879631))",POINT (76.9032607 10.879631),76.9032607,10.879631,2
58,58,58,58,58,58,58,58,58,6133a4420fd095857526f9b5,4,"POLYGON ((76.9019808 10.8787569, 76.9019831 10.8787581, 76.9019801 10.8787904, 76.9019808 10.8787569))",POINT (76.90198133333332 10.87876846666667),76.90198133333332,10.878768466666664,1
59,59,59,59,59,59,59,59,59,6133a4420fd095857526f9b6,3,"POLYGON ((76.9032607 10.879631, 76.9032607 10.879631, 76.9032607 10.879631, 76.9032607 10.879631))",POINT (76.9032607 10.879631),76.9032607,10.879631,1
60,60,60,60,60,60,60,60,60,6133a4420fd095857526f9b7,8,"POLYGON ((76.8974967 10.8728206, 76.8974967 10.8728206, 76.8974967 10.8728206, 76.8974967 10.8728206))",POINT (76.8974967 10.8728206),76.8974967,10.8728206,6
61,61,61,61,61,61,61,61,61,6133a4420fd095857526f9b8,4,"POLYGON ((76.8974967 10.8728206, 76.8974967 10.8728206, 76.8974967 10.8728206, 76.8974967 10.8728206))",POINT (76.8974967 10.8728206),76.8974967,10.8728206,4
62,62,62,62,62,62,62,62,62,6133a4420fd095857526f9b9,4,"POLYGON ((76.8989377 10.8753002, 76.8974967 10.8738567, 76.8989377 10.8746095, 76.8989377 10.8753002))",POINT (76.89845736666668 10.8745888),76.89845736666668,10.8745888,1
63,63,63,63,63,63,63,63,63,6133a4420fd095857526f9ba,2,"POLYGON ((76.8982172 10.8738878, 76.8982172 10.8738878, 76.8989377 10.8753002, 76.8982172 10.8738878))",POINT (76.89857745 10.874594),76.89857745,10.874594,2
64,64,64,64,64,64,64,64,64,6133a4420fd095857526f9bb,6,"POLYGON ((76.8974967 10.8728206, 76.8974967 10.8728206, 76.8974967 10.8728206, 76.8974967 10.8728206))",POINT (76.8974967 10.8728206),76.8974967,10.8728206,3
65,65,65,65,65,65,65,65,65,6133a4420fd095857526f9bc,2,"POLYGON ((76.8989377 10.8753002, 76.8974967 10.8728206, 76.8974967 10.8728206, 76.8989377 10.8753002))",POINT (76.8982172 10.8740604),76.8982172,10.8740604,2
66,66,66,66,66,66,66,66,66,6133a4430fd095857526f9bd,4,"POLYGON ((76.8982172 10.872161, 76.8982172 10.872161, 76.8989377 10.8753002, 76.8982172 10.872161))",POINT (76.89857745 10.8737306),76.89857745,10.8737306,0
67,67,67,67,67,67,67,67,67,6133a4430fd095857526f9be,4,"POLYGON ((76.8974967 10.8728206, 76.8974967 10.8728206, 76.8989377 10.8753002, 76.8974967 10.8728206))",POINT (76.8982172 10.8740604),76.8982172,10.8740604,3
68,68,68,68,68,68,68,68,68,6133a4430fd095857526f9bf,1,"POLYGON ((76.8989377 10.8753002, 76.8974967 10.8728206, 76.8974967 10.8728206, 76.8989377 10.8753002))",POINT (76.8982172 10.8740604),76.8982172,10.8740604,1
69,69,69,69,69,69,69,69,69,6133a4430fd095857526f9c0,2,"POLYGON ((76.8974967 10.8728206, 76.8974967 10.8728206, 76.8974967 10.8728206, 76.8974967 10.8728206))",POINT (76.8974967 10.8728206),76.8974967,10.8728206,1
70,70,70,70,70,70,70,70,70,6133a4430fd095857526f9c1,3,"POLYGON ((76.8974967 10.8728206, 76.8974967 10.8728206, 76.8989377 10.8753002, 76.8974967 10.8728206))",POINT (76.8982172 10.8740604),76.8982172,10.8740604,2
71,71,71,71,71,71,71,71,71,6133a4430fd095857526f9c2,6,"POLYGON ((76.8982172 10.8718157, 76.8989327 10.8742699, 76.89939769999999 10.8739328, 76.8982172 10.8718157))",POINT (76.89884920000002 10.87333946666667),76.89884920000002,10.873339466666666,2
72,72,72,72,72,72,72,72,72,6133a4430fd095857526f9c3,5,"POLYGON ((76.8992336 10.8746756, 76.8982172 10.8738878, 76.8982172 10.8738878, 76.8992336 10.8746756))",POINT (76.8987254 10.8742817),76.8987254,10.8742817,2
73,73,73,73,73,73,73,73,73,6133a4430fd095857526f9c4,2,"POLYGON ((76.900739 10.8729604, 76.8974967 10.8714393, 76.8982172 10.8738878, 76.900739 10.8729604))",POINT (76.89881763333334 10.8727625),76.89881763333334,10.8727625,2
74,74,74,74,74,74,74,74,74,6133a4430fd095857526f9c5,6,"POLYGON ((76.8982172 10.8738878, 76.8982172 10.8738878, 76.8982172 10.8738878, 76.8982172 10.8738878))",POINT (76.8982172 10.8738878),76.8982172,10.8738878,4
75,75,75,75,75,75,75,75,75,6133a4440fd095857526f9c6,2,"POLYGON ((76.89773390000001 10.8734036, 76.8974967 10.8714393, 76.8974967 10.8714393, 76.89773390000001 10.8734036))",POINT (76.89761530000001 10.87242145),76.89761530000001,10.87242145,2
76,76,76,76,76,76,76,76,76,6133a4440fd095857526f9c7,3,"POLYGON ((76.8974967 10.8714393, 76.8974967 10.8728206, 76.8974967 10.8728206, 76.8974967 10.8714393))",POINT (76.8974967 10.87212995),76.8974967,10.87212995,3
77,77,77,77,77,77,77,77,77,6133a4440fd095857526f9c8,1,"POLYGON ((76.8974967 10.8728206, 76.8974967 10.8728206, 76.8974967 10.8728206, 76.8974967 10.8728206))",POINT (76.8974967 10.8728206),76.8974967,10.8728206,0
78,78,78,78,78,78,78,78,78,6133a4440fd095857526f9c9,10,"POLYGON ((76.9012302 10.8774444, 76.9032607 10.879631, 76.9032607 10.879631, 76.9012302 10.8774444))",POINT (76.90224545000001 10.8785377),76.90224545000001,10.8785377,4
79,79,79,79,79,79,79,79,79,6133a4440fd095857526f9ca,5,"POLYGON ((76.8994656 10.8776592, 76.9032607 10.879631, 76.9032607 10.879631, 76.8994656 10.8776592))",POINT (76.90136315000001 10.8786451),76.90136315000001,10.8786451,4
80,80,80,80,80,80,80,80,80,6133a4440fd095857526f9cb,7,"POLYGON ((76.9032607 10.879631, 76.9032607 10.879631, 76.9032607 10.879631, 76.9032607 10.879631))",POINT (76.9032607 10.879631),76.9032607,10.879631,3
81,81,81,81,81,81,81,81,81,6133a4440fd095857526f9cc,5,"POLYGON ((76.9032607 10.879631, 76.9032607 10.879631, 76.9032607 10.879631, 76.9032607 10.879631))",POINT (76.9032607 10.879631),76.9032607,10.879631,2
82,82,82,82,82,82,82,82,82,6133a4440fd095857526f9cd,4,"POLYGON ((76.9032607 10.879631, 76.9032607 10.879631, 76.9032607 10.879631, 76.9032607 10.879631))",POINT (76.9032607 10.879631),76.9032607,10.879631,1
83,83,83,83,83,83,83,83,83,6133a4440fd095857526f9ce,3,"POLYGON ((76.9032607 10.879631, 76.9032607 10.879631, 76.9032607 10.879631, 76.9032607 10.879631))",POINT (76.9032607 10.879631),76.9032607,10.879631,3
84,84,84,84,84,84,84,84,84,6133a4440fd095857526f9cf,3,"POLYGON ((76.9032607 10.879631, 76.9032607 10.879631, 76.9032607 10.879631, 76.9032607 10.879631))",POINT (76.9032607 10.879631),76.9032607,10.879631,2
85,85,85,85,85,85,85,85,85,6133a4450fd095857526f9d0,3,"POLYGON ((76.9032607 10.879631, 76.9032607 10.879631, 76.9032607 10.879631, 76.9032607 10.879631))",POINT (76.9032607 10.879631),76.9032607,10.879631,1
86,86,86,86,86,86,86,86,86,6133a4450fd095857526f9d1,4,"POLYGON ((76.9032607 10.879631, 76.9032607 10.879631, 76.9032607 10.879631, 76.9032607 10.879631))",POINT (76.9032607 10.879631),76.9032607,10.879631,1
87,87,87,87,87,87,87,87,87,6133a4450fd095857526f9d2,4,"POLYGON ((76.9032607 10.879631, 76.9032607 10.879631, 76.9032607 10.879631, 76.9032607 10.879631))",POINT (76.9032607 10.879631),76.9032607,10.879631,2
88,88,88,88,88,88,88,88,88,6133a4450fd095857526f9d3,5,"POLYGON ((76.9025402 10.8789092, 76.9025402 10.8789092, 76.9025402 10.8789092, 76.9025402 10.8789092))",POINT (76.9025402 10.8789092),76.9025402,10.8789092,1
89,89,89,89,89,89,89,89,89,6133a4450fd095857526f9d4,4,"POLYGON ((76.9025402 10.8789092, 76.9025402 10.8789092, 76.9025402 10.8789092, 76.9025402 10.8789092))",POINT (76.9025402 10.8789092),76.9025402,10.8789092,3
90,90,90,90,90,90,90,90,90,6133a4450fd095857526f9d5,2,"POLYGON ((76.9025402 10.8789092, 76.9025402 10.8789092, 76.9025402 10.8789092, 76.9025402 10.8789092))",POINT (76.9025402 10.8789092),76.9025402,10.8789092,1
91,91,91,91,91,91,91,91,91,6133a4450fd095857526f9d6,3,"POLYGON ((76.9025402 10.8789092, 76.9025402 10.8789092, 76.9025402 10.8789092, 76.9025402 10.8789092))",POINT (76.9025402 10.8789092),76.9025402,10.8789092,1
92,92,92,92,92,92,92,92,92,6133a4450fd095857526f9d7,2,"POLYGON ((76.9025402 10.8789092, 76.9025402 10.8789092, 76.9025402 10.8789092, 76.9025402 10.8789092))",POINT (76.9025402 10.8789092),76.9025402,10.8789092,1
93,93,93,93,93,93,93,93,93,6133a4450fd095857526f9d8,4,"POLYGON ((76.9025402 10.8789092, 76.9025402 10.8789092, 76.9009768 10.87907, 76.9025402 10.8789092))",POINT (76.9017585 10.8789896),76.9017585,10.8789896,2
94,94,94,94,94,94,94,94,94,6133a4460fd095857526f9d9,3,"POLYGON ((76.9025402 10.8789092, 76.9025402 10.8789092, 76.9025402 10.8789092, 76.9025402 10.8789092))",POINT (76.9025402 10.8789092),76.9025402,10.8789092,2
95,95,95,95,95,95,95,95,95,6133a4460fd095857526f9da,5,"POLYGON ((76.9025402 10.8789092, 76.9025402 10.8789092, 76.9025402 10.8789092, 76.9025402 10.8789092))",POINT (76.9025402 10.8789092),76.9025402,10.8789092,3
96,96,96,96,96,96,96,96,96,6133a4460fd095857526f9db,4,"POLYGON ((76.9032607 10.879631, 76.9032607 10.879631, 76.9032607 10.879631, 76.9032607 10.879631))",POINT (76.9032607 10.879631),76.9032607,10.879631,1
97,97,97,97,97,97,97,97,97,6133a4460fd095857526f9dc,3,"POLYGON ((76.9032607 10.879631, 76.9032607 10.879631, 76.9032607 10.879631, 76.9032607 10.879631))",POINT (76.9032607 10.879631),76.9032607,10.879631,2
98,98,98,98,98,98,98,98,98,6133a4460fd095857526f9dd,3,"POLYGON ((76.9032607 10.879631, 76.9032607 10.879631, 76.9032607 10.879631, 76.9032607 10.879631))",POINT (76.9032607 10.879631),76.9032607,10.879631,2
99,99,99,99,99,99,99,99,99,6133a4460fd095857526f9de,4,"POLYGON ((76.9032607 10.879631, 76.9032607 10.879631, 76.9032607 10.879631, 76.9032607 10.879631))",POINT (76.9032607 10.879631),76.9032607,10.879631,1
100,100,100,100,100,100,100,100,100,6133a4460fd095857526f9df,5,"POLYGON ((76.9032607 10.879631, 76.9032607 10.879631, 76.9032607 10.879631, 76.9032607 10.879631))",POINT (76.9032607 10.879631),76.9032607,10.879631,1
101,101,101,101,101,101,101,101,101,6133a4460fd095857526f9e0,5,"POLYGON ((76.9032607 10.879631, 76.9032607 10.879631, 76.9032607 10.879631, 76.9032607 10.879631))",POINT (76.9032607 10.879631),76.9032607,10.879631,1
102,102,102,102,102,102,102,102,102,6133a4460fd095857526f9e1,5,"POLYGON ((76.9025402 10.8789092, 76.9025402 10.8789092, 76.9025402 10.8789092, 76.9025402 10.8789092))",POINT (76.9025402 10.8789092),76.9025402,10.8789092,1
103,103,103,103,103,103,103,103,103,6133a4460fd095857526f9e2,4,"POLYGON ((76.9025402 10.8789092, 76.9025402 10.8789092, 76.9025402 10.8789092, 76.9025402 10.8789092))",POINT (76.9025402 10.8789092),76.9025402,10.8789092,1
104,104,104,104,104,104,104,104,104,6133a4470fd095857526f9e3,3,"POLYGON ((76.9025402 10.8789092, 76.9025402 10.8789092, 76.9025402 10.8789092, 76.9025402 10.8789092))",POINT (76.9025402 10.8789092),76.9025402,10.8789092,1
105,105,105,105,105,105,105,105,105,6133a4470fd095857526f9e4,4,"POLYGON ((76.9025402 10.8789092, 76.9025402 10.8789092, 76.9009597 10.8788132, 76.9025402 10.8789092))",POINT (76.90174995000001 10.8788612),76.90174995000001,10.8788612,2
106,106,106,106,106,106,106,106,106,6133a4470fd095857526f9e5,2,"POLYGON ((76.9010863 10.8789056, 76.9010749 10.8789607, 76.9010442 10.8789339, 76.9010863 10.8789056))",POINT (76.90106846666667 10.8789334),76.90106846666667,10.8789334,2
107,107,107,107,107,107,107,107,107,6133a4470fd095857526f9e6,5,"POLYGON ((76.9010033 10.8788833, 76.90103809999999 10.8788597, 76.9009604 10.8788535, 76.9010033 10.8788833))",POINT (76.90100059999999 10.8788655),76.90100059999999,10.878865499999998,3
108,108,108,108,108,108,108,108,108,6133a4470fd095857526f9e7,5,"POLYGON ((76.9007283 10.8786867, 76.9007409 10.878647, 76.9007258 10.8786254, 76.9007283 10.8786867))",POINT (76.90073166666666 10.87865303333333),76.90073166666666,10.878653033333332,1
109,109,109,109,109,109,109,109,109,6133a4470fd095857526f9e8,4,"POLYGON ((76.9025402 10.8789092, 76.9025402 10.8789092, 76.9025402 10.8789092, 76.9025402 10.8789092))",POINT (76.9025402 10.8789092),76.9025402,10.8789092,2
110,110,110,110,110,110,110,110,110,6133a4470fd095857526f9e9,5,"POLYGON ((76.90055 10.87882, 76.9005184 10.8787843, 76.90030710000001 10.8788257, 76.90055 10.87882))",POINT (76.90045849999998 10.87881),76.90045849999998,10.87881,3
111,111,111,111,111,111,111,111,111,6133a4470fd095857526f9ea,4,"POLYGON ((76.90201020000001 10.8787643, 76.90201020000001 10.8787643, 76.90201020000001 10.8787643, 76.90201020000001 10.8787643))",POINT (76.90201020000001 10.8787643),76.9020102,10.8787643,3
112,112,112,112,112,112,112,112,112,6133a4470fd095857526f9eb,5,"POLYGON ((76.9025402 10.8789092, 76.9025402 10.8789092, 76.9025402 10.8789092, 76.9025402 10.8789092))",POINT (76.9025402 10.8789092),76.9025402,10.8789092,1
113,113,113,113,113,113,113,113,113,6133a4480fd095857526f9ec,5,"POLYGON ((76.9025402 10.8789092, 76.9025402 10.8789092, 76.9025402 10.8789092, 76.9025402 10.8789092))",POINT (76.9025402 10.8789092),76.9025402,10.8789092,1
114,114,114,114,114,114,114,114,114,6133a4480fd095857526f9ed,6,"POLYGON ((76.9025402 10.8789092, 76.9025402 10.8789092, 76.9025402 10.8789092, 76.9025402 10.8789092))",POINT (76.9025402 10.8789092),76.9025402,10.8789092,3
115,115,115,115,115,115,115,115,115,6133a4480fd095857526f9ee,3,"POLYGON ((76.9025402 10.8789092, 76.9025402 10.8789092, 76.9025402 10.8789092, 76.9025402 10.8789092))",POINT (76.9025402 10.8789092),76.9025402,10.8789092,2
116,116,116,116,116,116,116,116,116,6133a4480fd095857526f9ef,2,"POLYGON ((76.9025402 10.8789092, 76.9025402 10.8789092, 76.9025402 10.8789092, 76.9025402 10.8789092))",POINT (76.9025402 10.8789092),76.9025402,10.8789092,2
117,117,117,117,117,117,117,117,117,6133a4480fd095857526f9f0,3,"POLYGON ((76.9025402 10.8789092, 76.9025402 10.8789092, 76.9025402 10.8789092, 76.9025402 10.8789092))",POINT (76.9025402 10.8789092),76.9025402,10.8789092,2
118,118,118,118,118,118,118,118,118,6133a4480fd095857526f9f1,2,"POLYGON ((76.9025402 10.8789092, 76.9025402 10.8789092, 76.9025402 10.8789092, 76.9025402 10.8789092))",POINT (76.9025402 10.8789092),76.9025402,10.8789092,2
119,119,119,119,119,119,119,119,119,6133a4480fd095857526f9f2,5,"POLYGON ((76.9025402 10.8789092, 76.9025402 10.8789092, 76.9025402 10.8789092, 76.9025402 10.8789092))",POINT (76.9025402 10.8789092),76.9025402,10.8789092,3
120,120,120,120,120,120,120,120,120,6133a4480fd095857526f9f3,4,"POLYGON ((76.90286829999999 10.8803, 76.9028789 10.8803368, 76.90286089999999 10.8803071, 76.90286829999999 10.8803))",POINT (76.90286936666666 10.88031463333333),76.90286936666666,10.880314633333333,4
121,121,121,121,121,121,121,121,121,6133a4480fd095857526f9f4,3,"POLYGON ((76.90282500000001 10.880235, 76.90282120000001 10.8802306, 76.9027957 10.8802244, 76.90282500000001 10.880235))",POINT (76.90281396666668 10.88023),76.90281396666668,10.88023,2
122,122,122,122,122,122,122,122,122,6133a4480fd095857526f9f5,2,"POLYGON ((76.9025402 10.8789092, 76.9025402 10.8789092, 76.9025402 10.8789092, 76.9025402 10.8789092))",POINT (76.9025402 10.8789092),76.9025402,10.8789092,1
123,123,123,123,123,123,123,123,123,6133a4490fd095857526f9f6,2,"POLYGON ((76.9025402 10.8789092, 76.9025402 10.8789092, 76.9025402 10.8789092, 76.9025402 10.8789092))",POINT (76.9025402 10.8789092),76.9025402,10.8789092,1
124,124,124,124,124,124,124,124,124,6133a4490fd095857526f9f7,7,"POLYGON ((76.9032607 10.879631, 76.9032607 10.879631, 76.9032607 10.879631, 76.9032607 10.879631))",POINT (76.9032607 10.879631),76.9032607,10.879631,3
125,125,125,125,125,125,125,125,125,6133a4490fd095857526f9f8,3,"POLYGON ((76.9028149 10.8802149, 76.9028117 10.8802167, 76.9028089 10.8802081, 76.9028149 10.8802149))",POINT (76.90281183333332 10.88021323333333),76.90281183333332,10.880213233333334,2
126,126,126,126,126,126,126,126,126,6133a4490fd095857526f9f9,4,"POLYGON ((76.9025402 10.8789092, 76.9025402 10.8789092, 76.9025402 10.8789092, 76.9025402 10.8789092))",POINT (76.9025402 10.8789092),76.9025402,10.8789092,2
127,127,127,127,127,127,127,127,127,6133a4490fd095857526f9fa,6,"POLYGON ((76.9032607 10.879631, 76.9032607 10.879631, 76.9032607 10.879631, 76.9032607 10.879631))",POINT (76.9032607 10.879631),76.9032607,10.879631,3
128,128,128,128,128,128,128,128,128,6133a4490fd095857526f9fb,6,"POLYGON ((76.9025402 10.8789092, 76.9025402 10.8789092, 76.9025402 10.8789092, 76.9025402 10.8789092))",POINT (76.9025402 10.8789092),76.9025402,10.8789092,1
129,129,129,129,129,129,129,129,129,6133a4490fd095857526f9fc,4,"POLYGON ((76.9025402 10.8789092, 76.9025402 10.8789092, 76.9025402 10.8789092, 76.9025402 10.8789092))",POINT (76.9025402 10.8789092),76.9025402,10.8789092,1
130,130,130,130,130,130,130,130,130,6133a4490fd095857526f9fd,4,"POLYGON ((76.9025402 10.8789092, 76.9025402 10.8789092, 76.9025402 10.8789092, 76.9025402 10.8789092))",POINT (76.9025402 10.8789092),76.9025402,10.8789092,2
131,131,131,131,131,131,131,131,131,6133a4490fd095857526f9fe,2,"POLYGON ((76.9025402 10.8789092, 76.9025402 10.8789092, 76.9025402 10.8789092, 76.9025402 10.8789092))",POINT (76.9025402 10.8789092),76.9025402,10.8789092,1
132,132,132,132,132,132,132,132,132,6133a4490fd095857526f9ff,4,"POLYGON ((76.9025402 10.8789092, 76.9025402 10.8789092, 76.9025402 10.8789092, 76.9025402 10.8789092))",POINT (76.9025402 10.8789092),76.9025402,10.8789092,1
133,133,133,133,133,133,133,133,133,6133a44a0fd095857526fa00,3,"POLYGON ((76.9025402 10.8789092, 76.9025402 10.8789092, 76.9025402 10.8789092, 76.9025402 10.8789092))",POINT (76.9025402 10.8789092),76.9025402,10.8789092,2
134,134,134,134,134,134,134,134,134,6133a44a0fd095857526fa01,7,"POLYGON ((76.9025402 10.8789092, 76.9025402 10.8789092, 76.9025402 10.8789092, 76.9025402 10.8789092))",POINT (76.9025402 10.8789092),76.9025402,10.8789092,2
135,135,135,135,135,135,135,135,135,6133a44a0fd095857526fa02,2,"POLYGON ((76.9025402 10.8789092, 76.9025402 10.8789092, 76.9025402 10.8789092, 76.9025402 10.8789092))",POINT (76.9025402 10.8789092),76.9025402,10.8789092,1
136,136,136,136,136,136,136,136,136,6133a44a0fd095857526fa03,6,"POLYGON ((76.9025402 10.8789092, 76.9050618 10.8783272, 76.9050618 10.8783272, 76.9025402 10.8789092))",POINT (76.903801 10.8786182),76.903801,10.8786182,1
137,137,137,137,137,137,137,137,137,6133a44a0fd095857526fa04,4,"POLYGON ((76.9029525 10.880071, 76.9025402 10.8789092, 76.9025402 10.8789092, 76.9029525 10.880071))",POINT (76.90274635 10.8794901),76.90274635,10.8794901,2
138,138,138,138,138,138,138,138,138,6133a44a0fd095857526fa05,5,"POLYGON ((76.9027967 10.880175, 76.9027949 10.8801682, 76.9027938 10.8801666, 76.9027967 10.880175))",POINT (76.90279513333333 10.88016993333333),76.90279513333333,10.880169933333336,1
139,139,139,139,139,139,139,139,139,6133a44a0fd095857526fa06,4,"POLYGON ((76.902777 10.8801519, 76.9027719 10.8801506, 76.90277140000001 10.8801491, 76.902777 10.8801519))",POINT (76.90277343333335 10.88015053333334),76.90277343333335,10.880150533333335,3
140,140,140,140,140,140,140,140,140,6133a44a0fd095857526fa07,4,"POLYGON ((76.9025402 10.8789092, 76.90268500000001 10.8800983, 76.90268 10.8801067, 76.9025402 10.8789092))",POINT (76.90263506666666 10.87970473333334),76.90263506666666,10.879704733333336,1
141,141,141,141,141,141,141,141,141,6133a44a0fd095857526fa08,4,"POLYGON ((76.9025402 10.8789092, 76.9025402 10.8789092, 76.9025402 10.8789092, 76.9025402 10.8789092))",POINT (76.9025402 10.8789092),76.9025402,10.8789092,1
142,142,142,142,142,142,142,142,142,6133a44a0fd095857526fa09,1,"POLYGON ((76.9020108 10.8787641, 76.9020089 10.8787706, 76.9020063 10.8787648, 76.9020108 10.8787641))",POINT (76.90200866666666 10.8787665),76.90200866666666,10.8787665,1
143,143,143,143,143,143,143,143,143,6133a44b0fd095857526fa0a,5,"POLYGON ((76.9024217 10.87918, 76.9032607 10.879631, 76.9032607 10.879631, 76.9024217 10.87918))",POINT (76.90284120000001 10.8794055),76.90284120000001,10.8794055,1
144,144,144,144,144,144,144,144,144,6133a44b0fd095857526fa0b,5,"POLYGON ((76.9024217 10.87918, 76.9032607 10.879631, 76.9032607 10.879631, 76.9024217 10.87918))",POINT (76.90284120000001 10.8794055),76.90284120000001,10.8794055,1
145,145,145,145,145,145,145,145,145,6133a44b0fd095857526fa0c,3,"POLYGON ((76.88812969999999 10.8855402, 76.88236499999999 10.8849458, 76.88812969999999 10.8855402, 76.88812969999999 10.8855402))",POINT (76.88524734999999 10.885243),76.88524734999999,10.885243,2
146,146,146,146,146,146,146,146,146,6133a44b0fd095857526fa0d,3,"POLYGON ((76.88236499999999 10.8849458, 76.88236499999999 10.8849458, 76.88236499999999 10.8849458, 76.88236499999999 10.8849458))",POINT (76.88236499999999 10.8849458),76.882365,10.8849458,2
147,147,147,147,147,147,147,147,147,6133a44b0fd095857526fa0e,5,"POLYGON ((76.88812969999999 10.8855402, 76.88812969999999 10.8855402, 76.88812969999999 10.8855402, 76.88812969999999 10.8855402))",POINT (76.88812969999999 10.8855402),76.8881297,10.8855402,1
148,148,148,148,148,148,148,148,148,6133a44b0fd095857526fa0f,4,"POLYGON ((76.88812969999999 10.8855402, 76.88812969999999 10.8855402, 76.88812969999999 10.8855402, 76.88812969999999 10.8855402))",POINT (76.88812969999999 10.8855402),76.8881297,10.8855402,1
149,149,149,149,149,149,149,149,149,6133a44b0fd095857526fa10,1,"POLYGON ((76.88812969999999 10.8855402, 76.88812969999999 10.8855402, 76.8946146 10.8927283, 76.88812969999999 10.8855402))",POINT (76.89137215 10.88913425),76.89137215,10.88913425,0
150,150,150,150,150,150,150,150,150,6133a44b0fd095857526fa11,2,"POLYGON ((76.892453 10.8871085, 76.89349660000001 10.888154, 76.8935149 10.8881723, 76.892453 10.8871085))",POINT (76.89315483333333 10.8878116),76.89315483333333,10.887811600000004,1
151,151,151,151,151,151,151,151,151,6133a44b0fd095857526fa12,5,"POLYGON ((76.8888503 10.8852259, 76.8888503 10.8852259, 76.8888503 10.8852259, 76.8888503 10.8852259))",POINT (76.8888503 10.8852259),76.8888503,10.8852259,3
152,152,152,152,152,152,152,152,152,6133a44b0fd095857526fa13,4,"POLYGON ((76.88236499999999 10.8849458, 76.88236499999999 10.8849458, 76.88236499999999 10.8849458, 76.88236499999999 10.8849458))",POINT (76.88236499999999 10.8849458),76.882365,10.8849458,1
153,153,153,153,153,153,153,153,153,6133a44c0fd095857526fa14,7,"POLYGON ((76.88236499999999 10.8849458, 76.88236499999999 10.8849458, 76.88236499999999 10.8849458, 76.88236499999999 10.8849458))",POINT (76.88236499999999 10.8849458),76.882365,10.8849458,1
154,154,154,154,154,154,154,154,154,6133a44c0fd095857526fa15,4,"POLYGON ((76.88236499999999 10.8849458, 76.88236499999999 10.8849458, 76.88236499999999 10.8849458, 76.88236499999999 10.8849458))",POINT (76.88236499999999 10.8849458),76.882365,10.8849458,2
155,155,155,155,155,155,155,155,155,6133a44c0fd095857526fa16,4,"POLYGON ((76.88236499999999 10.8849458, 76.88236499999999 10.8849458, 76.88236499999999 10.8849458, 76.88236499999999 10.8849458))",POINT (76.88236499999999 10.8849458),76.882365,10.8849458,1
156,156,156,156,156,156,156,156,156,6133a44c0fd095857526fa17,4,"POLYGON ((76.88236499999999 10.8849458, 76.88236499999999 10.8849458, 76.88236499999999 10.8849458, 76.88236499999999 10.8849458))",POINT (76.88236499999999 10.8849458),76.882365,10.8849458,3
157,157,157,157,157,157,157,157,157,6133a44c0fd095857526fa18,3,"POLYGON ((76.88236499999999 10.8849458, 76.88236499999999 10.8849458, 76.88236499999999 10.8849458, 76.88236499999999 10.8849458))",POINT (76.88236499999999 10.8849458),76.882365,10.8849458,2
158,158,158,158,158,158,158,158,158,6133a44c0fd095857526fa19,6,"POLYGON ((76.88236499999999 10.8849458, 76.89209270000001 10.8870929, 76.8904855 10.884759, 76.88236499999999 10.8849458))",POINT (76.8883144 10.88559923333333),76.8883144,10.885599233333334,1
159,159,159,159,159,159,159,159,159,6133a44c0fd095857526fa1a,5,"POLYGON ((76.89048200000001 10.8847583, 76.8904783 10.8847579, 76.8904783 10.8847579, 76.89048200000001 10.8847583))",POINT (76.89048015 10.8847581),76.89048015,10.8847581,3
160,160,160,160,160,160,160,160,160,6133a44c0fd095857526fa1b,3,"POLYGON ((76.89209270000001 10.8870929, 76.89209270000001 10.8870929, 76.8904783 10.8847579, 76.89209270000001 10.8870929))",POINT (76.89128550000001 10.8859254),76.89128550000001,10.8859254,1
161,161,161,161,161,161,161,161,161,6133a44c0fd095857526fa1c,4,"POLYGON ((76.8904783 10.8847579, 76.89425439999999 10.8885679, 76.8904783 10.8847579, 76.8904783 10.8847579))",POINT (76.89236635 10.8866629),76.89236635,10.8866629,1
162,162,162,162,162,162,162,162,162,6133a44d0fd095857526fa1d,6,"POLYGON ((76.89209270000001 10.8870929, 76.89425439999999 10.8885679, 76.89425439999999 10.8885679, 76.89209270000001 10.8870929))",POINT (76.89317355 10.8878304),76.89317355,10.8878304,2
163,163,163,163,163,163,163,163,163,6133a44d0fd095857526fa1e,4,"POLYGON ((76.89425439999999 10.8885679, 76.89209270000001 10.8870929, 76.89209270000001 10.8870929, 76.89425439999999 10.8885679))",POINT (76.89317355 10.8878304),76.89317355,10.8878304,1
164,164,164,164,164,164,164,164,164,6133a44d0fd095857526fa1f,2,"POLYGON ((76.89425439999999 10.8885679, 76.89209270000001 10.8870929, 76.89209270000001 10.8870929, 76.89425439999999 10.8885679))",POINT (76.89317355 10.8878304),76.89317355,10.8878304,2
165,165,165,165,165,165,165,165,165,6133a44d0fd095857526fa20,3,"POLYGON ((76.89425439999999 10.8885679, 76.89425439999999 10.8885679, 76.8917325 10.8874228, 76.89425439999999 10.8885679))",POINT (76.89299345000001 10.88799535),76.89299345,10.88799535,1
166,166,166,166,166,166,166,166,166,6133a44d0fd095857526fa21,3,"POLYGON ((76.89425439999999 10.8885679, 76.89425439999999 10.8885679, 76.89425439999999 10.8885679, 76.89425439999999 10.8885679))",POINT (76.89425439999999 10.8885679),76.8942544,10.8885679,1
167,167,167,167,167,167,167,167,167,6133a44d0fd095857526fa22,2,"POLYGON ((76.89425439999999 10.8885679, 76.89425439999999 10.8885679, 76.89425439999999 10.8885679, 76.89425439999999 10.8885679))",POINT (76.89425439999999 10.8885679),76.8942544,10.8885679,1
168,168,168,168,168,168,168,168,168,6133a44d0fd095857526fa23,3,"POLYGON ((76.8914833 10.8853358, 76.8914827 10.8853358, 76.8914833 10.8853377, 76.8914833 10.8853358))",POINT (76.8914831 10.88533643333333),76.8914831,10.885336433333334,2
169,169,169,169,169,169,169,169,169,6133a44d0fd095857526fa24,2,"POLYGON ((76.89425439999999 10.8885679, 76.89425439999999 10.8885679, 76.89425439999999 10.8885679, 76.89425439999999 10.8885679))",POINT (76.89425439999999 10.8885679),76.8942544,10.8885679,0
170,170,170,170,170,170,170,170,170,6133a44d0fd095857526fa25,1,"POLYGON ((76.89425439999999 10.8885679, 76.89425439999999 10.8885679, 76.89425439999999 10.8885679, 76.89425439999999 10.8885679))",POINT (76.89425439999999 10.8885679),76.8942544,10.8885679,0
171,171,171,171,171,171,171,171,171,6133a44d0fd095857526fa26,2,"POLYGON ((76.89425439999999 10.8885679, 76.89425439999999 10.8885679, 76.89425439999999 10.8885679, 76.89425439999999 10.8885679))",POINT (76.89425439999999 10.8885679),76.8942544,10.8885679,1
172,172,172,172,172,172,172,172,172,6133a44e0fd095857526fa27,1,"POLYGON ((76.89425439999999 10.8885679, 76.89425439999999 10.8885679, 76.89425439999999 10.8885679, 76.89425439999999 10.8885679))",POINT (76.89425439999999 10.8885679),76.8942544,10.8885679,0
173,173,173,173,173,173,173,173,173,6133a44e0fd095857526fa28,1,"POLYGON ((76.89425439999999 10.8885679, 76.89425439999999 10.8885679, 76.89425439999999 10.8885679, 76.89425439999999 10.8885679))",POINT (76.89425439999999 10.8885679),76.8942544,10.8885679,1
174,174,174,174,174,174,174,174,174,6133a44e0fd095857526fa29,4,"POLYGON ((76.89425439999999 10.8885679, 76.89425439999999 10.8885679, 76.89209270000001 10.8870929, 76.89425439999999 10.8885679))",POINT (76.89317355 10.8878304),76.89317355,10.8878304,1
175,175,175,175,175,175,175,175,175,6133a44e0fd095857526fa2a,5,"POLYGON ((76.88236499999999 10.8849458, 76.88236499999999 10.8849458, 76.8902914 10.8863243, 76.88236499999999 10.8849458))",POINT (76.88632819999999 10.88563505),76.8863282,10.88563505,3
176,176,176,176,176,176,176,176,176,6133a44e0fd095857526fa2b,4,"POLYGON ((76.8935338 10.8788661, 76.89209270000001 10.8829483, 76.8935338 10.8788661, 76.8935338 10.8788661))",POINT (76.89281325 10.8809072),76.89281325,10.8809072,2
177,177,177,177,177,177,177,177,177,6133a44e0fd095857526fa2c,4,"POLYGON ((76.8888503 10.8821176, 76.88812969999999 10.8855402, 76.89137220000001 10.883608, 76.8888503 10.8821176))",POINT (76.88945073333333 10.88375526666667),76.88945073333333,10.88375526666667,2
178,178,178,178,178,178,178,178,178,6133a44e0fd095857526fa2d,3,"POLYGON ((76.88236499999999 10.8849458, 76.88236499999999 10.8849458, 76.88236499999999 10.8849458, 76.88236499999999 10.8849458))",POINT (76.88236499999999 10.8849458),76.882365,10.8849458,0
179,179,179,179,179,179,179,179,179,6133a44e0fd095857526fa2e,1,"POLYGON ((76.88236499999999 10.8849458, 76.88236499999999 10.8849458, 76.88236499999999 10.8849458, 76.88236499999999 10.8849458))",POINT (76.88236499999999 10.8849458),76.882365,10.8849458,1
180,180,180,180,180,180,180,180,180,6133a44e0fd095857526fa2f,4,"POLYGON ((76.88236499999999 10.8849458, 76.88236499999999 10.8849458, 76.88236499999999 10.8849458, 76.88236499999999 10.8849458))",POINT (76.88236499999999 10.8849458),76.882365,10.8849458,2
181,181,181,181,181,181,181,181,181,6133a44e0fd095857526fa30,3,"POLYGON ((76.88236499999999 10.8849458, 76.88236499999999 10.8849458, 76.88236499999999 10.8849458, 76.88236499999999 10.8849458))",POINT (76.88236499999999 10.8849458),76.882365,10.8849458,1
182,182,182,182,182,182,182,182,182,6133a44f0fd095857526fa31,1,"POLYGON ((76.88236499999999 10.8849458, 76.88236499999999 10.8849458, 76.88236499999999 10.8849458, 76.88236499999999 10.8849458))",POINT (76.88236499999999 10.8849458),76.882365,10.8849458,1
183,183,183,183,183,183,183,183,183,6133a44f0fd095857526fa32,4,"POLYGON ((76.88236499999999 10.8849458, 76.88236499999999 10.8849458, 76.88236499999999 10.8849458, 76.88236499999999 10.8849458))",POINT (76.88236499999999 10.8849458),76.882365,10.8849458,1
184,184,184,184,184,184,184,184,184,6133a44f0fd095857526fa33,4,"POLYGON ((76.88236499999999 10.8849458, 76.88236499999999 10.8849458, 76.88236499999999 10.8849458, 76.88236499999999 10.8849458))",POINT (76.88236499999999 10.8849458),76.882365,10.8849458,2
185,185,185,185,185,185,185,185,185,6133a44f0fd095857526fa34,4,"POLYGON ((76.8950251 10.875816, 76.8950251 10.875816, 76.8950251 10.875816, 76.8950251 10.875816))",POINT (76.8950251 10.875816),76.8950251,10.875816,2
186,186,186,186,186,186,186,186,186,6133a44f0fd095857526fa35,2,"POLYGON ((76.88849 10.8862465, 76.88849 10.8862465, 76.88849 10.8862465, 76.88849 10.8862465))",POINT (76.88849 10.8862465),76.88849,10.8862465,2
187,187,187,187,187,187,187,187,187,6133a44f0fd095857526fa36,2,"POLYGON ((76.88849 10.8862465, 76.88849 10.8862465, 76.88849 10.8862465, 76.88849 10.8862465))",POINT (76.88849 10.8862465),76.88849,10.8862465,1
188,188,188,188,188,188,188,188,188,6133a44f0fd095857526fa37,2,"POLYGON ((76.88849 10.8862465, 76.8921229 10.883631, 76.8921229 10.883631, 76.88849 10.8862465))",POINT (76.89030645 10.88493875),76.89030645,10.88493875,1
189,189,189,189,189,189,189,189,189,6133a44f0fd095857526fa38,5,"POLYGON ((76.8888503 10.8852259, 76.8888503 10.8852259, 76.8888503 10.8852259, 76.8888503 10.8852259))",POINT (76.8888503 10.8852259),76.8888503,10.8852259,3
190,190,190,190,190,190,190,190,190,6133a44f0fd095857526fa39,4,"POLYGON ((76.89086 10.8846533, 76.8908599 10.8846531, 76.88849 10.8862465, 76.89086 10.8846533))",POINT (76.89006996666666 10.8851843),76.89006996666666,10.8851843,1
191,191,191,191,191,191,191,191,191,6133a44f0fd095857526fa3a,4,"POLYGON ((76.88849 10.8862465, 76.88849 10.8862465, 76.88849 10.8862465, 76.88849 10.8862465))",POINT (76.88849 10.8862465),76.88849,10.8862465,1
192,192,192,192,192,192,192,192,192,6133a4500fd095857526fa3b,5,"POLYGON ((76.88849 10.8862465, 76.88849 10.8862465, 76.88849 10.8862465, 76.88849 10.8862465))",POINT (76.88849 10.8862465),76.88849,10.8862465,2
193,193,193,193,193,193,193,193,193,6133a4500fd095857526fa3c,4,"POLYGON ((76.88849 10.8862465, 76.88849 10.8862465, 76.88849 10.8862465, 76.88849 10.8862465))",POINT (76.88849 10.8862465),76.88849,10.8862465,2
194,194,194,194,194,194,194,194,194,6133a4500fd095857526fa3d,4,"POLYGON ((76.88849 10.8862465, 76.88849 10.8862465, 76.8887976 10.885375, 76.88849 10.8862465))",POINT (76.88864380000001 10.88581075),76.88864380000001,10.88581075,1
195,195,195,195,195,195,195,195,195,6133a4500fd095857526fa3e,2,"POLYGON ((76.88849 10.8862465, 76.88849 10.8862465, 76.88849 10.8862465, 76.88849 10.8862465))",POINT (76.88849 10.8862465),76.88849,10.8862465,1
196,196,196,196,196,196,196,196,196,6133a4500fd095857526fa3f,6,"POLYGON ((76.88849 10.8862465, 76.88849 10.8890096, 76.88849 10.8890096, 76.88849 10.8862465))",POINT (76.88849 10.88762805),76.88849,10.88762805,3
197,197,197,197,197,197,197,197,197,6133a4500fd095857526fa40,5,"POLYGON ((76.88849 10.8862465, 76.88849 10.8862465, 76.89137220000001 10.8839533, 76.88849 10.8862465))",POINT (76.88993110000001 10.8850999),76.88993110000001,10.8850999,2
198,198,198,198,198,198,198,198,198,6133a4500fd095857526fa41,4,"POLYGON ((76.88849 10.8862465, 76.88849 10.8862465, 76.88849 10.8862465, 76.88849 10.8862465))",POINT (76.88849 10.8862465),76.88849,10.8862465,2
199,199,199,199,199,199,199,199,199,6133a4500fd095857526fa42,6,"POLYGON ((76.8888503 10.8852259, 76.891364 10.8844198, 76.891364 10.8844198, 76.8888503 10.8852259))",POINT (76.89010715000001 10.88482285),76.89010715,10.88482285,2
200,200,200,200,200,200,200,200,200,6133a4500fd095857526fa43,3,"POLYGON ((76.891285 10.8843183, 76.8912643 10.8843108, 76.8912158 10.8843382, 76.891285 10.8843183))",POINT (76.89125503333334 10.88432243333333),76.89125503333334,10.884322433333333,3
201,201,201,201,201,201,201,201,201,6133a4510fd095857526fa44,4,"POLYGON ((76.89115169999999 10.8843983, 76.89169130000001 10.8843269, 76.891474 10.884387, 76.89115169999999 10.8843983))",POINT (76.89143900000002 10.88437073333333),76.89143900000002,10.88437073333333,1
202,202,202,202,202,202,202,202,202,6133a4510fd095857526fa45,2,"POLYGON ((76.8935338 10.8881913, 76.8935338 10.8881913, 76.8935338 10.8881913, 76.8935338 10.8881913))",POINT (76.8935338 10.8881913),76.8935338,10.8881913,2
203,203,203,203,203,203,203,203,203,6133a4510fd095857526fa46,3,"POLYGON ((76.8935338 10.8881913, 76.8935338 10.8881913, 76.8926914 10.8873474, 76.8935338 10.8881913))",POINT (76.89311259999999 10.88776935),76.8931126,10.88776935,2
204,204,204,204,204,204,204,204,204,6133a4510fd095857526fa47,2,"POLYGON ((76.8935338 10.8881913, 76.8935338 10.8881913, 76.8935338 10.8881913, 76.8935338 10.8881913))",POINT (76.8935338 10.8881913),76.8935338,10.8881913,2
205,205,205,205,205,205,205,205,205,6133a4510fd095857526fa48,5,"POLYGON ((76.88849 10.8862465, 76.88668850000001 10.8802974, 76.8769604 10.8854029, 76.88849 10.8862465))",POINT (76.88404629999999 10.88398226666667),76.8840463,10.883982266666669,1
206,206,206,206,206,206,206,206,206,6133a4510fd095857526fa49,4,"POLYGON ((76.8899311 10.8821642, 76.8899311 10.8821642, 76.8899311 10.8821642, 76.8899311 10.8821642))",POINT (76.8899311 10.8821642),76.8899311,10.8821642,1
207,207,207,207,207,207,207,207,207,6133a4510fd095857526fa4a,1,"POLYGON ((76.8917325 10.8829328, 76.88849 10.8817566, 76.89137220000001 10.8839533, 76.8917325 10.8829328))",POINT (76.89053156666667 10.8828809),76.89053156666667,10.8828809,1
208,208,208,208,208,208,208,208,208,6133a4510fd095857526fa4b,2,"POLYGON ((76.897857 10.8849241, 76.897857 10.8849241, 76.897857 10.8849241, 76.897857 10.8849241))",POINT (76.897857 10.8849241),76.897857,10.8849241,1
209,209,209,209,209,209,209,209,209,6133a4510fd095857526fa4c,6,"POLYGON ((76.89137220000001 10.8839533, 76.89137220000001 10.8815357, 76.89137220000001 10.8815357, 76.89137220000001 10.8839533))",POINT (76.89137220000001 10.8827445),76.8913722,10.8827445,2
210,210,210,210,210,210,210,210,210,6133a4510fd095857526fa4d,2,"POLYGON ((76.8917325 10.8829328, 76.8946146 10.882021, 76.8928133 10.878835, 76.8917325 10.8829328))",POINT (76.89305346666667 10.88126293333334),76.89305346666667,10.881262933333335,2
211,211,211,211,211,211,211,211,211,6133a4520fd095857526fa4e,5,"POLYGON ((76.8928133 10.878835, 76.8931736 10.8847219, 76.8931736 10.8847219, 76.8928133 10.878835))",POINT (76.89299345000001 10.88177845),76.89299345,10.88177845,4
212,212,212,212,212,212,212,212,212,6133a4520fd095857526fa4f,3,"POLYGON ((76.8935338 10.8881913, 76.8928133 10.878835, 76.8928133 10.878835, 76.8935338 10.8881913))",POINT (76.89317355 10.88351315),76.89317355,10.88351315,2
213,213,213,213,213,213,213,213,213,6133a4520fd095857526fa50,2,"POLYGON ((76.892453 10.8871085, 76.89349660000001 10.888154, 76.8935149 10.8881723, 76.892453 10.8871085))",POINT (76.89315483333333 10.8878116),76.89315483333333,10.887811600000004,1
214,214,214,214,214,214,214,214,214,6133a4520fd095857526fa51,2,"POLYGON ((76.892456 10.8871115, 76.89258700000001 10.8872427, 76.89269090000001 10.8873468, 76.892456 10.8871115))",POINT (76.89257796666668 10.88723366666666),76.89257796666668,10.887233666666663,1
215,215,215,215,215,215,215,215,215,6133a4520fd095857526fa52,6,"POLYGON ((76.89425439999999 10.8885679, 76.89425439999999 10.8885679, 76.89425439999999 10.8885679, 76.89425439999999 10.8885679))",POINT (76.89425439999999 10.8885679),76.8942544,10.8885679,5
216,216,216,216,216,216,216,216,216,6133a4520fd095857526fa53,2,"POLYGON ((76.89225 10.88412, 76.8921339 10.8840674, 76.8922324 10.8843611, 76.89225 10.88412))",POINT (76.89220543333334 10.88418283333333),76.89220543333334,10.88418283333333,2
217,217,217,217,217,217,217,217,217,6133a4520fd095857526fa54,2,"POLYGON ((76.89225 10.88412, 76.8921339 10.8840674, 76.8922324 10.8843611, 76.89225 10.88412))",POINT (76.89220543333334 10.88418283333333),76.89220543333334,10.88418283333333,2
218,218,218,218,218,218,218,218,218,6133a4520fd095857526fa55,4,"POLYGON ((76.89209270000001 10.8877837, 76.89209270000001 10.8877837, 76.89209270000001 10.8877837, 76.89209270000001 10.8877837))",POINT (76.89209270000001 10.8877837),76.8920927,10.8877837,2
219,219,219,219,219,219,219,219,219,6133a4520fd095857526fa56,3,"POLYGON ((76.89209270000001 10.8877837, 76.89209270000001 10.8877837, 76.89209270000001 10.8877837, 76.89209270000001 10.8877837))",POINT (76.89209270000001 10.8877837),76.8920927,10.8877837,2
220,220,220,220,220,220,220,220,220,6133a4520fd095857526fa57,4,"POLYGON ((76.89209270000001 10.8877837, 76.89209270000001 10.8877837, 76.89209270000001 10.8877837, 76.89209270000001 10.8877837))",POINT (76.89209270000001 10.8877837),76.8920927,10.8877837,1
221,221,221,221,221,221,221,221,221,6133a4530fd095857526fa58,5,"POLYGON ((76.89209270000001 10.8877837, 76.89209270000001 10.8877837, 76.89209270000001 10.8877837, 76.89209270000001 10.8877837))",POINT (76.89209270000001 10.8877837),76.8920927,10.8877837,2
222,222,222,222,222,222,222,222,222,6133a4530fd095857526fa59,1,"POLYGON ((76.89209270000001 10.8877837, 76.89209270000001 10.8877837, 76.89209270000001 10.8877837, 76.89209270000001 10.8877837))",POINT (76.89209270000001 10.8877837),76.8920927,10.8877837,0
223,223,223,223,223,223,223,223,223,6133a4530fd095857526fa5a,3,"POLYGON ((76.89209270000001 10.8877837, 76.89209270000001 10.8877837, 76.89209270000001 10.8877837, 76.89209270000001 10.8877837))",POINT (76.89209270000001 10.8877837),76.8920927,10.8877837,2
224,224,224,224,224,224,224,224,224,6133a4530fd095857526fa5b,4,"POLYGON ((76.89209270000001 10.8877837, 76.89209270000001 10.8877837, 76.89209270000001 10.8877837, 76.89209270000001 10.8877837))",POINT (76.89209270000001 10.8877837),76.8920927,10.8877837,2
225,225,225,225,225,225,225,225,225,6133a4530fd095857526fa5c,4,"POLYGON ((76.88236499999999 10.8849458, 76.88812969999999 10.8855402, 76.88236499999999 10.8849458, 76.88236499999999 10.8849458))",POINT (76.88524734999999 10.885243),76.88524734999999,10.885243,1
226,226,226,226,226,226,226,226,226,6133a4530fd095857526fa5d,5,"POLYGON ((76.8935338 10.8788661, 76.8917325 10.882242, 76.8917325 10.882242, 76.8935338 10.8788661))",POINT (76.89263314999999 10.88055405),76.89263315,10.88055405,3
227,227,227,227,227,227,227,227,227,6133a4530fd095857526fa5e,3,"POLYGON ((76.8917325 10.882242, 76.8935338 10.8788661, 76.8935338 10.8788661, 76.8917325 10.882242))",POINT (76.89263314999999 10.88055405),76.89263315,10.88055405,3
228,228,228,228,228,228,228,228,228,6133a4530fd095857526fa5f,5,"POLYGON ((76.8935338 10.8788661, 76.8917325 10.882242, 76.8917325 10.882242, 76.8935338 10.8788661))",POINT (76.89263314999999 10.88055405),76.89263315,10.88055405,1
229,229,229,229,229,229,229,229,229,6133a4530fd095857526fa60,3,"POLYGON ((76.89209270000001 10.8877837, 76.89209270000001 10.8877837, 76.89209270000001 10.8877837, 76.89209270000001 10.8877837))",POINT (76.89209270000001 10.8877837),76.8920927,10.8877837,2
230,230,230,230,230,230,230,230,230,6133a4530fd095857526fa61,2,"POLYGON ((76.89209270000001 10.8877837, 76.89209270000001 10.8877837, 76.89209270000001 10.8877837, 76.89209270000001 10.8877837))",POINT (76.89209270000001 10.8877837),76.8920927,10.8877837,1
231,231,231,231,231,231,231,231,231,6133a4540fd095857526fa62,3,"POLYGON ((76.89209270000001 10.8877837, 76.89209270000001 10.8877837, 76.89209270000001 10.8877837, 76.89209270000001 10.8877837))",POINT (76.89209270000001 10.8877837),76.8920927,10.8877837,2
232,232,232,232,232,232,232,232,232,6133a4540fd095857526fa63,2,"POLYGON ((76.89209270000001 10.8877837, 76.89209270000001 10.8877837, 76.89209270000001 10.8877837, 76.89209270000001 10.8877837))",POINT (76.89209270000001 10.8877837),76.8920927,10.8877837,1
233,233,233,233,233,233,233,233,233,6133a4540fd095857526fa64,4,"POLYGON ((76.89209270000001 10.8877837, 76.89209270000001 10.8877837, 76.89209270000001 10.8877837, 76.89209270000001 10.8877837))",POINT (76.89209270000001 10.8877837),76.8920927,10.8877837,2
234,234,234,234,234,234,234,234,234,6133a4540fd095857526fa65,2,"POLYGON ((76.89209270000001 10.8877837, 76.89209270000001 10.8877837, 76.89209270000001 10.8877837, 76.89209270000001 10.8877837))",POINT (76.89209270000001 10.8877837),76.8920927,10.8877837,1
235,235,235,235,235,235,235,235,235,6133a4540fd095857526fa66,2,"POLYGON ((76.89209270000001 10.8877837, 76.89209270000001 10.8877837, 76.89209270000001 10.8877837, 76.89209270000001 10.8877837))",POINT (76.89209270000001 10.8877837),76.8920927,10.8877837,1
236,236,236,236,236,236,236,236,236,6133a4540fd095857526fa67,2,"POLYGON ((76.89209270000001 10.8877837, 76.89209270000001 10.8877837, 76.89209270000001 10.8877837, 76.89209270000001 10.8877837))",POINT (76.89209270000001 10.8877837),76.8920927,10.8877837,0
237,237,237,237,237,237,237,237,237,6133a4540fd095857526fa68,4,"POLYGON ((76.89209270000001 10.8877837, 76.89209270000001 10.8877837, 76.89209270000001 10.8877837, 76.89209270000001 10.8877837))",POINT (76.89209270000001 10.8877837),76.8920927,10.8877837,2
238,238,238,238,238,238,238,238,238,6133a4540fd095857526fa69,4,"POLYGON ((76.89209270000001 10.8877837, 76.89209270000001 10.8877837, 76.89209270000001 10.8877837, 76.89209270000001 10.8877837))",POINT (76.89209270000001 10.8877837),76.8920927,10.8877837,2
239,239,239,239,239,239,239,239,239,6133a4540fd095857526fa6a,3,"POLYGON ((76.8888503 10.8821176, 76.88236499999999 10.8849458, 76.89137220000001 10.883608, 76.8888503 10.8821176))",POINT (76.88752916666665 10.88355713333333),76.88752916666665,10.883557133333332,2
240,240,240,240,240,240,240,240,240,6133a4550fd095857526fa6b,6,"POLYGON ((76.88236499999999 10.8849458, 76.89095 10.8836467, 76.89095 10.8836467, 76.88236499999999 10.8849458))",POINT (76.8866575 10.88429625),76.8866575,10.88429625,2
241,241,241,241,241,241,241,241,241,6133a4550fd095857526fa6c,6,"POLYGON ((76.88236499999999 10.8849458, 76.88236499999999 10.8849458, 76.88236499999999 10.8849458, 76.88236499999999 10.8849458))",POINT (76.88236499999999 10.8849458),76.882365,10.8849458,2
242,242,242,242,242,242,242,242,242,6133a4550fd095857526fa6d,5,"POLYGON ((76.89425439999999 10.8885679, 76.89425439999999 10.8885679, 76.89425439999999 10.8885679, 76.89425439999999 10.8885679))",POINT (76.89425439999999 10.8885679),76.8942544,10.8885679,1
243,243,243,243,243,243,243,243,243,6133a4550fd095857526fa6e,6,"POLYGON ((76.89425439999999 10.8885679, 76.89425439999999 10.8885679, 76.89425439999999 10.8885679, 76.89425439999999 10.8885679))",POINT (76.89425439999999 10.8885679),76.8942544,10.8885679,3
244,244,244,244,244,244,244,244,244,6133a4550fd095857526fa6f,5,"POLYGON ((76.89425439999999 10.8885679, 76.89425439999999 10.8885679, 76.89113 10.884945, 76.89425439999999 10.8885679))",POINT (76.8926922 10.88675645),76.8926922,10.88675645,2
245,245,245,245,245,245,245,245,245,6133a4550fd095857526fa70,5,"POLYGON ((76.89425439999999 10.8885679, 76.89425439999999 10.8885679, 76.89425439999999 10.8885679, 76.89425439999999 10.8885679))",POINT (76.89425439999999 10.8885679),76.8942544,10.8885679,2
246,246,246,246,246,246,246,246,246,6133a4550fd095857526fa71,2,"POLYGON ((76.8950251 10.875816, 76.88236499999999 10.8849458, 76.88236499999999 10.8849458, 76.8950251 10.875816))",POINT (76.88869505 10.8803809),76.88869505,10.8803809,1
247,247,247,247,247,247,247,247,247,6133a4550fd095857526fa72,3,"POLYGON ((76.88236499999999 10.8849458, 76.88236499999999 10.8849458, 76.88236499999999 10.8849458, 76.88236499999999 10.8849458))",POINT (76.88236499999999 10.8849458),76.882365,10.8849458,1
248,248,248,248,248,248,248,248,248,6133a4550fd095857526fa73,1,"POLYGON ((76.8950251 10.875816, 76.8950251 10.875816, 76.8950251 10.875816, 76.8950251 10.875816))",POINT (76.8950251 10.875816),76.8950251,10.875816,1
249,249,249,249,249,249,249,249,249,61558f718863000015bff722,5,"POLYGON ((76.9043022 10.8908531, 76.9043022 10.8908531, 76.9043022 10.8908531, 76.9043022 10.8908531))",POINT (76.9043022 10.8908531),76.9043022,10.8908531,2
250,250,250,250,250,250,250,250,250,616a777a8468900015cbec23,1,"POLYGON ((76.9462159 11.0889991, 76.9462115 11.0889978, 76.9462115 11.0889978, 76.9462159 11.0889991))",POINT (76.9462137 11.08899845),76.9462137,11.08899845,
251,251,251,251,251,251,251,251,251,618a16f318beaa0015b12e2d,8,"POLYGON ((76.9054221 10.8893954, 76.9054221 10.8893954, 76.90217989999999 10.8899463, 76.9054221 10.8893954))",POINT (76.90380099999999 10.88967085),76.90380099999999,10.88967085,3
